date,facility,state,region,service_area,class,air_carrier,air_taxi,general_aviation,military_itinerant,total_itinerant,civil,military_local,total_local,total_operations
01/01/2014,MDW,IL,AGL,CT,Towers with Radar,388,29,14,0,431,0,0,0,431
01/01/2014,ORD,IL,AGL,CT,Towers with Radar,1072,470,3,1,1546,0,0,0,1546
01/02/2014,MDW,IL,AGL,CT,Towers with Radar,329,37,30,0,396,0,0,0,396
01/02/2014,ORD,IL,AGL,CT,Towers with Radar,1129,458,8,0,1595,0,0,0,1595
01/03/2014,MDW,IL,AGL,CT,Towers with Radar,200,78,37,6,321,0,0,0,321
01/03/2014,ORD,IL,AGL,CT,Towers with Radar,1289,763,23,0,2075,0,0,0,2075
01/04/2014,MDW,IL,AGL,CT,Towers with Radar,379,55,63,1,498,0,0,0,498
01/04/2014,ORD,IL,AGL,CT,Towers with Radar,1117,589,16,0,1722,0,0,0,1722
01/05/2014,MDW,IL,AGL,CT,Towers with Radar,255,72,49,0,376,0,0,0,376
01/05/2014,ORD,IL,AGL,CT,Towers with Radar,681,160,23,0,864,0,0,0,864
01/06/2014,MDW,IL,AGL,CT,Towers with Radar,270,56,65,0,391,0,0,0,391
01/06/2014,ORD,IL,AGL,CT,Towers with Radar,551,41,25,0,617,0,0,0,617
01/07/2014,MDW,IL,AGL,CT,Towers with Radar,289,64,55,5,413,0,0,0,413
01/07/2014,ORD,IL,AGL,CT,Towers with Radar,937,265,28,0,1230,0,0,0,1230
01/08/2014,MDW,IL,AGL,CT,Towers with Radar,466,72,84,10,632,0,0,0,632
01/08/2014,ORD,IL,AGL,CT,Towers with Radar,1311,772,15,2,2100,0,0,0,2100
01/09/2014,MDW,IL,AGL,CT,Towers with Radar,464,80,75,2,621,0,0,0,621
01/09/2014,ORD,IL,AGL,CT,Towers with Radar,1339,781,10,0,2130,0,0,0,2130
01/10/2014,MDW,IL,AGL,CT,Towers with Radar,461,61,27,0,549,0,0,0,549
01/10/2014,ORD,IL,AGL,CT,Towers with Radar,1388,812,26,0,2226,0,0,0,2226
01/11/2014,MDW,IL,AGL,CT,Towers with Radar,334,34,28,4,400,0,0,0,400
01/11/2014,ORD,IL,AGL,CT,Towers with Radar,1087,652,14,0,1753,0,0,0,1753
01/12/2014,MDW,IL,AGL,CT,Towers with Radar,420,36,35,2,493,0,0,0,493
01/12/2014,ORD,IL,AGL,CT,Towers with Radar,1322,827,8,0,2157,0,0,0,2157
01/13/2014,MDW,IL,AGL,CT,Towers with Radar,480,62,87,0,629,0,0,0,629
01/13/2014,ORD,IL,AGL,CT,Towers with Radar,1384,964,28,1,2377,0,0,0,2377
01/14/2014,MDW,IL,AGL,CT,Towers with Radar,390,45,65,10,510,0,0,0,510
01/14/2014,ORD,IL,AGL,CT,Towers with Radar,1297,839,31,0,2167,0,0,0,2167
01/15/2014,MDW,IL,AGL,CT,Towers with Radar,479,62,86,13,640,0,0,0,640
01/15/2014,ORD,IL,AGL,CT,Towers with Radar,1381,939,23,0,2343,0,0,0,2343
01/16/2014,MDW,IL,AGL,CT,Towers with Radar,487,64,81,12,644,0,0,0,644
01/16/2014,ORD,IL,AGL,CT,Towers with Radar,1344,882,27,1,2254,0,0,0,2254
01/17/2014,MDW,IL,AGL,CT,Towers with Radar,489,77,84,3,653,0,0,0,653
01/17/2014,ORD,IL,AGL,CT,Towers with Radar,1375,923,21,1,2320,0,0,0,2320
01/18/2014,MDW,IL,AGL,CT,Towers with Radar,324,26,30,2,382,0,0,0,382
01/18/2014,ORD,IL,AGL,CT,Towers with Radar,1069,559,9,0,1637,0,0,0,1637
01/19/2014,MDW,IL,AGL,CT,Towers with Radar,399,39,51,0,489,0,0,0,489
01/19/2014,ORD,IL,AGL,CT,Towers with Radar,1296,808,11,0,2115,0,0,0,2115
01/20/2014,MDW,IL,AGL,CT,Towers with Radar,475,57,94,2,628,0,0,0,628
01/20/2014,ORD,IL,AGL,CT,Towers with Radar,1349,869,27,0,2245,0,0,0,2245
01/21/2014,MDW,IL,AGL,CT,Towers with Radar,445,74,78,2,599,0,0,0,599
01/21/2014,ORD,IL,AGL,CT,Towers with Radar,1181,878,25,0,2084,0,0,0,2084
01/22/2014,MDW,IL,AGL,CT,Towers with Radar,458,62,67,0,587,0,0,0,587
01/22/2014,ORD,IL,AGL,CT,Towers with Radar,1270,847,18,0,2135,0,0,0,2135
01/23/2014,MDW,IL,AGL,CT,Towers with Radar,481,70,83,3,637,0,0,0,637
01/23/2014,ORD,IL,AGL,CT,Towers with Radar,1394,934,14,0,2342,0,0,0,2342
01/24/2014,MDW,IL,AGL,CT,Towers with Radar,414,71,66,2,553,0,0,0,553
01/24/2014,ORD,IL,AGL,CT,Towers with Radar,1183,660,14,0,1857,0,0,0,1857
01/25/2014,MDW,IL,AGL,CT,Towers with Radar,345,42,39,0,426,0,0,0,426
01/25/2014,ORD,IL,AGL,CT,Towers with Radar,1096,679,11,0,1786,0,0,0,1786
01/26/2014,MDW,IL,AGL,CT,Towers with Radar,286,42,34,0,362,0,0,0,362
01/26/2014,ORD,IL,AGL,CT,Towers with Radar,1220,666,14,0,1900,0,0,0,1900
01/27/2014,MDW,IL,AGL,CT,Towers with Radar,388,62,58,0,508,0,0,0,508
01/27/2014,ORD,IL,AGL,CT,Towers with Radar,1253,633,11,0,1897,0,0,0,1897
01/28/2014,MDW,IL,AGL,CT,Towers with Radar,363,52,67,0,482,0,0,0,482
01/28/2014,ORD,IL,AGL,CT,Towers with Radar,1120,573,17,0,1710,0,0,0,1710
01/29/2014,MDW,IL,AGL,CT,Towers with Radar,424,49,86,10,569,0,0,0,569
01/29/2014,ORD,IL,AGL,CT,Towers with Radar,1270,868,18,0,2156,0,0,0,2156
01/30/2014,MDW,IL,AGL,CT,Towers with Radar,336,70,80,2,488,0,0,0,488
01/30/2014,ORD,IL,AGL,CT,Towers with Radar,1286,731,17,0,2034,0,0,0,2034
01/31/2014,MDW,IL,AGL,CT,Towers with Radar,456,54,99,9,618,0,0,0,618
01/31/2014,ORD,IL,AGL,CT,Towers with Radar,1382,916,20,0,2318,0,0,0,2318
02/01/2014,MDW,IL,AGL,CT,Towers with Radar,233,21,13,0,267,0,0,0,267
02/01/2014,ORD,IL,AGL,CT,Towers with Radar,940,444,2,0,1386,0,0,0,1386
02/02/2014,MDW,IL,AGL,CT,Towers with Radar,374,34,42,4,454,0,0,0,454
02/02/2014,ORD,IL,AGL,CT,Towers with Radar,1210,755,10,1,1976,0,0,0,1976
02/03/2014,MDW,IL,AGL,CT,Towers with Radar,464,64,76,2,606,0,0,0,606
02/03/2014,ORD,IL,AGL,CT,Towers with Radar,1278,926,19,0,2223,0,0,0,2223
02/04/2014,MDW,IL,AGL,CT,Towers with Radar,429,64,87,9,589,0,0,0,589
02/04/2014,ORD,IL,AGL,CT,Towers with Radar,1199,711,26,0,1936,0,0,0,1936
02/05/2014,MDW,IL,AGL,CT,Towers with Radar,430,65,70,0,565,0,0,0,565
02/05/2014,ORD,IL,AGL,CT,Towers with Radar,1143,632,19,0,1794,0,0,0,1794
02/06/2014,MDW,IL,AGL,CT,Towers with Radar,480,70,90,4,644,0,0,0,644
02/06/2014,ORD,IL,AGL,CT,Towers with Radar,1379,906,15,1,2301,0,0,0,2301
02/07/2014,MDW,IL,AGL,CT,Towers with Radar,493,66,106,1,666,0,0,0,666
02/07/2014,ORD,IL,AGL,CT,Towers with Radar,1387,951,23,0,2361,0,0,0,2361
02/08/2014,MDW,IL,AGL,CT,Towers with Radar,340,32,23,0,395,0,0,0,395
02/08/2014,ORD,IL,AGL,CT,Towers with Radar,1077,637,9,1,1724,0,0,0,1724
02/09/2014,MDW,IL,AGL,CT,Towers with Radar,412,52,49,12,525,0,0,0,525
02/09/2014,ORD,IL,AGL,CT,Towers with Radar,1308,824,11,0,2143,0,0,0,2143
02/10/2014,MDW,IL,AGL,CT,Towers with Radar,487,57,69,0,613,0,0,0,613
02/10/2014,ORD,IL,AGL,CT,Towers with Radar,1363,968,15,0,2346,0,0,0,2346
02/11/2014,MDW,IL,AGL,CT,Towers with Radar,464,74,93,3,634,0,0,0,634
02/11/2014,ORD,IL,AGL,CT,Towers with Radar,1291,940,12,0,2243,0,0,0,2243
02/12/2014,MDW,IL,AGL,CT,Towers with Radar,432,71,91,12,606,0,0,0,606
02/12/2014,ORD,IL,AGL,CT,Towers with Radar,1308,898,26,0,2232,0,0,0,2232
02/13/2014,MDW,IL,AGL,CT,Towers with Radar,424,90,108,11,633,0,0,0,633
02/13/2014,ORD,IL,AGL,CT,Towers with Radar,1253,912,14,0,2179,0,0,0,2179
02/14/2014,MDW,IL,AGL,CT,Towers with Radar,492,71,89,6,658,0,0,0,658
02/14/2014,ORD,IL,AGL,CT,Towers with Radar,1426,950,31,2,2409,0,0,0,2409
02/15/2014,MDW,IL,AGL,CT,Towers with Radar,382,24,47,0,453,0,0,0,453
02/15/2014,ORD,IL,AGL,CT,Towers with Radar,1170,731,14,0,1915,0,0,0,1915
02/16/2014,MDW,IL,AGL,CT,Towers with Radar,431,52,47,16,546,0,0,0,546
02/16/2014,ORD,IL,AGL,CT,Towers with Radar,1342,889,17,0,2248,0,0,0,2248
02/17/2014,MDW,IL,AGL,CT,Towers with Radar,266,67,61,8,402,0,0,0,402
02/17/2014,ORD,IL,AGL,CT,Towers with Radar,1132,440,16,0,1588,0,0,0,1588
02/18/2014,MDW,IL,AGL,CT,Towers with Radar,499,77,118,12,706,0,0,0,706
02/18/2014,ORD,IL,AGL,CT,Towers with Radar,1407,988,24,1,2420,0,0,0,2420
02/19/2014,MDW,IL,AGL,CT,Towers with Radar,494,49,110,8,661,0,0,0,661
02/19/2014,ORD,IL,AGL,CT,Towers with Radar,1456,991,16,0,2463,0,0,0,2463
02/20/2014,MDW,IL,AGL,CT,Towers with Radar,310,39,66,2,417,0,0,0,417
02/20/2014,ORD,IL,AGL,CT,Towers with Radar,1380,720,22,0,2122,0,0,0,2122
02/21/2014,MDW,IL,AGL,CT,Towers with Radar,481,63,54,17,615,0,0,0,615
02/21/2014,ORD,IL,AGL,CT,Towers with Radar,1438,931,32,0,2401,0,0,0,2401
02/22/2014,MDW,IL,AGL,CT,Towers with Radar,401,49,75,18,543,0,0,0,543
02/22/2014,ORD,IL,AGL,CT,Towers with Radar,1203,718,27,0,1948,0,0,0,1948
02/23/2014,MDW,IL,AGL,CT,Towers with Radar,446,54,67,6,573,0,0,0,573
02/23/2014,ORD,IL,AGL,CT,Towers with Radar,1376,889,15,0,2280,0,0,0,2280
02/24/2014,MDW,IL,AGL,CT,Towers with Radar,519,70,72,1,662,0,0,0,662
02/24/2014,ORD,IL,AGL,CT,Towers with Radar,1470,988,14,0,2472,0,0,0,2472
02/25/2014,MDW,IL,AGL,CT,Towers with Radar,497,82,67,12,658,0,0,0,658
02/25/2014,ORD,IL,AGL,CT,Towers with Radar,1416,1008,25,0,2449,0,0,0,2449
02/26/2014,MDW,IL,AGL,CT,Towers with Radar,508,79,94,2,683,0,0,0,683
02/26/2014,ORD,IL,AGL,CT,Towers with Radar,1457,991,15,0,2463,0,0,0,2463
02/27/2014,MDW,IL,AGL,CT,Towers with Radar,501,67,76,0,644,0,0,0,644
02/27/2014,ORD,IL,AGL,CT,Towers with Radar,1497,1020,29,0,2546,0,0,0,2546
02/28/2014,MDW,IL,AGL,CT,Towers with Radar,510,67,81,4,662,0,0,0,662
02/28/2014,ORD,IL,AGL,CT,Towers with Radar,1476,991,22,2,2491,0,0,0,2491
03/01/2014,MDW,IL,AGL,CT,Towers with Radar,412,33,46,0,491,0,0,0,491
03/01/2014,ORD,IL,AGL,CT,Towers with Radar,1163,682,7,0,1852,0,0,0,1852
03/02/2014,MDW,IL,AGL,CT,Towers with Radar,416,56,75,1,548,0,0,0,548
03/02/2014,ORD,IL,AGL,CT,Towers with Radar,1320,778,14,0,2112,0,0,0,2112
03/03/2014,MDW,IL,AGL,CT,Towers with Radar,486,76,61,5,628,0,0,0,628
03/03/2014,ORD,IL,AGL,CT,Towers with Radar,1396,862,16,0,2274,0,0,0,2274
03/04/2014,MDW,IL,AGL,CT,Towers with Radar,502,80,96,9,687,0,0,0,687
03/04/2014,ORD,IL,AGL,CT,Towers with Radar,1432,910,30,0,2372,0,0,0,2372
03/05/2014,MDW,IL,AGL,CT,Towers with Radar,497,82,74,8,661,0,0,0,661
03/05/2014,ORD,IL,AGL,CT,Towers with Radar,1451,775,11,0,2237,0,0,0,2237
03/06/2014,MDW,IL,AGL,CT,Towers with Radar,503,91,105,18,717,0,0,0,717
03/06/2014,ORD,IL,AGL,CT,Towers with Radar,1529,1019,15,0,2563,0,0,0,2563
03/07/2014,MDW,IL,AGL,CT,Towers with Radar,508,76,94,8,686,0,0,0,686
03/07/2014,ORD,IL,AGL,CT,Towers with Radar,1507,997,18,0,2522,0,0,0,2522
03/08/2014,MDW,IL,AGL,CT,Towers with Radar,462,43,32,2,539,0,0,0,539
03/08/2014,ORD,IL,AGL,CT,Towers with Radar,1259,753,12,0,2024,0,0,0,2024
03/09/2014,MDW,IL,AGL,CT,Towers with Radar,501,56,65,1,623,0,0,0,623
03/09/2014,ORD,IL,AGL,CT,Towers with Radar,1461,924,15,0,2400,0,0,0,2400
03/10/2014,MDW,IL,AGL,CT,Towers with Radar,541,62,95,0,698,0,0,0,698
03/10/2014,ORD,IL,AGL,CT,Towers with Radar,1502,1024,33,0,2559,0,0,0,2559
03/11/2014,MDW,IL,AGL,CT,Towers with Radar,520,64,97,9,690,0,0,0,690
03/11/2014,ORD,IL,AGL,CT,Towers with Radar,1473,1000,36,0,2509,0,0,0,2509
03/12/2014,MDW,IL,AGL,CT,Towers with Radar,459,52,68,10,589,0,0,0,589
03/12/2014,ORD,IL,AGL,CT,Towers with Radar,1188,588,25,0,1801,0,0,0,1801
03/13/2014,MDW,IL,AGL,CT,Towers with Radar,537,93,111,19,760,0,0,0,760
03/13/2014,ORD,IL,AGL,CT,Towers with Radar,1521,1009,32,0,2562,0,0,0,2562
03/14/2014,MDW,IL,AGL,CT,Towers with Radar,539,60,96,6,701,0,0,0,701
03/14/2014,ORD,IL,AGL,CT,Towers with Radar,1520,1030,19,1,2570,0,0,0,2570
03/15/2014,MDW,IL,AGL,CT,Towers with Radar,463,39,63,0,565,0,0,0,565
03/15/2014,ORD,IL,AGL,CT,Towers with Radar,1268,758,11,0,2037,0,0,0,2037
03/16/2014,MDW,IL,AGL,CT,Towers with Radar,498,62,77,2,639,0,0,0,639
03/16/2014,ORD,IL,AGL,CT,Towers with Radar,1452,924,10,0,2386,0,0,0,2386
03/17/2014,MDW,IL,AGL,CT,Towers with Radar,543,58,91,8,700,0,0,0,700
03/17/2014,ORD,IL,AGL,CT,Towers with Radar,1503,1023,17,0,2543,0,0,0,2543
03/18/2014,MDW,IL,AGL,CT,Towers with Radar,544,90,100,9,743,0,0,0,743
03/18/2014,ORD,IL,AGL,CT,Towers with Radar,1499,1002,9,1,2511,0,0,0,2511
03/19/2014,MDW,IL,AGL,CT,Towers with Radar,542,82,93,6,723,0,0,0,723
03/19/2014,ORD,IL,AGL,CT,Towers with Radar,1513,1015,21,0,2549,0,0,0,2549
03/20/2014,MDW,IL,AGL,CT,Towers with Radar,546,74,138,13,771,0,0,0,771
03/20/2014,ORD,IL,AGL,CT,Towers with Radar,1524,1033,26,0,2583,0,0,0,2583
03/21/2014,MDW,IL,AGL,CT,Towers with Radar,551,84,73,2,710,0,0,0,710
03/21/2014,ORD,IL,AGL,CT,Towers with Radar,1538,1030,19,1,2588,0,0,0,2588
03/22/2014,MDW,IL,AGL,CT,Towers with Radar,487,49,49,2,587,0,0,0,587
03/22/2014,ORD,IL,AGL,CT,Towers with Radar,1274,774,16,0,2064,0,0,0,2064
03/23/2014,MDW,IL,AGL,CT,Towers with Radar,503,51,49,0,603,0,0,0,603
03/23/2014,ORD,IL,AGL,CT,Towers with Radar,1451,939,14,0,2404,0,0,0,2404
03/24/2014,MDW,IL,AGL,CT,Towers with Radar,546,72,99,2,719,0,0,0,719
03/24/2014,ORD,IL,AGL,CT,Towers with Radar,1510,1016,19,0,2545,0,0,0,2545
03/25/2014,MDW,IL,AGL,CT,Towers with Radar,546,62,81,13,702,0,0,0,702
03/25/2014,ORD,IL,AGL,CT,Towers with Radar,1478,1010,12,0,2500,0,0,0,2500
03/26/2014,MDW,IL,AGL,CT,Towers with Radar,541,58,97,13,709,0,0,0,709
03/26/2014,ORD,IL,AGL,CT,Towers with Radar,1501,1030,15,2,2548,0,0,0,2548
03/27/2014,MDW,IL,AGL,CT,Towers with Radar,541,87,91,0,719,0,0,0,719
03/27/2014,ORD,IL,AGL,CT,Towers with Radar,1444,896,26,0,2366,0,0,0,2366
03/28/2014,MDW,IL,AGL,CT,Towers with Radar,543,57,83,5,688,0,0,0,688
03/28/2014,ORD,IL,AGL,CT,Towers with Radar,1517,1032,16,0,2565,0,0,0,2565
03/29/2014,MDW,IL,AGL,CT,Towers with Radar,465,55,61,2,583,0,0,0,583
03/29/2014,ORD,IL,AGL,CT,Towers with Radar,1272,754,13,7,2046,0,0,0,2046
03/30/2014,MDW,IL,AGL,CT,Towers with Radar,497,50,85,2,634,0,0,0,634
03/30/2014,ORD,IL,AGL,CT,Towers with Radar,1450,929,11,2,2392,0,0,0,2392
03/31/2014,MDW,IL,AGL,CT,Towers with Radar,544,89,69,4,706,0,0,0,706
03/31/2014,ORD,IL,AGL,CT,Towers with Radar,1528,1016,15,3,2562,0,0,0,2562
04/01/2014,MDW,IL,AGL,CT,Towers with Radar,549,62,84,12,707,0,0,0,707
04/01/2014,ORD,IL,AGL,CT,Towers with Radar,1504,1020,22,1,2547,0,0,0,2547
04/02/2014,MDW,IL,AGL,CT,Towers with Radar,546,56,70,8,680,0,0,0,680
04/02/2014,ORD,IL,AGL,CT,Towers with Radar,1535,1035,16,4,2590,0,0,0,2590
04/03/2014,MDW,IL,AGL,CT,Towers with Radar,542,72,67,0,681,0,0,0,681
04/03/2014,ORD,IL,AGL,CT,Towers with Radar,1495,855,14,2,2366,0,0,0,2366
04/04/2014,MDW,IL,AGL,CT,Towers with Radar,541,51,57,4,653,0,0,0,653
04/04/2014,ORD,IL,AGL,CT,Towers with Radar,1562,1004,23,4,2593,0,0,0,2593
04/05/2014,MDW,IL,AGL,CT,Towers with Radar,481,50,69,0,600,0,0,0,600
04/05/2014,ORD,IL,AGL,CT,Towers with Radar,1261,771,14,0,2046,0,0,0,2046
04/06/2014,MDW,IL,AGL,CT,Towers with Radar,508,53,76,4,641,0,0,0,641
04/06/2014,ORD,IL,AGL,CT,Towers with Radar,1491,924,21,0,2436,0,0,0,2436
04/07/2014,MDW,IL,AGL,CT,Towers with Radar,530,72,93,10,705,0,0,0,705
04/07/2014,ORD,IL,AGL,CT,Towers with Radar,1555,1012,36,0,2603,0,0,0,2603
04/08/2014,MDW,IL,AGL,CT,Towers with Radar,562,92,100,16,770,0,0,0,770
04/08/2014,ORD,IL,AGL,CT,Towers with Radar,1511,1009,23,0,2543,0,0,0,2543
04/09/2014,MDW,IL,AGL,CT,Towers with Radar,561,86,121,10,778,0,0,0,778
04/09/2014,ORD,IL,AGL,CT,Towers with Radar,1453,981,9,0,2443,0,0,0,2443
04/10/2014,MDW,IL,AGL,CT,Towers with Radar,566,69,116,12,763,0,0,0,763
04/10/2014,ORD,IL,AGL,CT,Towers with Radar,1547,1035,23,0,2605,0,0,0,2605
04/11/2014,MDW,IL,AGL,CT,Towers with Radar,572,96,124,24,816,0,0,0,816
04/11/2014,ORD,IL,AGL,CT,Towers with Radar,1554,1034,15,0,2603,0,0,0,2603
04/12/2014,MDW,IL,AGL,CT,Towers with Radar,428,39,38,18,523,0,0,0,523
04/12/2014,ORD,IL,AGL,CT,Towers with Radar,1261,754,10,0,2025,0,0,0,2025
04/13/2014,MDW,IL,AGL,CT,Towers with Radar,531,52,54,1,638,0,0,0,638
04/13/2014,ORD,IL,AGL,CT,Towers with Radar,1498,898,17,2,2415,0,0,0,2415
04/14/2014,MDW,IL,AGL,CT,Towers with Radar,569,66,85,0,720,0,0,0,720
04/14/2014,ORD,IL,AGL,CT,Towers with Radar,1523,945,20,0,2488,0,0,0,2488
04/15/2014,MDW,IL,AGL,CT,Towers with Radar,551,78,134,9,772,0,0,0,772
04/15/2014,ORD,IL,AGL,CT,Towers with Radar,1477,1010,22,1,2510,0,0,0,2510
04/16/2014,MDW,IL,AGL,CT,Towers with Radar,573,55,124,4,756,0,0,0,756
04/16/2014,ORD,IL,AGL,CT,Towers with Radar,1515,1038,32,0,2585,0,0,0,2585
04/17/2014,MDW,IL,AGL,CT,Towers with Radar,577,76,121,17,791,0,0,0,791
04/17/2014,ORD,IL,AGL,CT,Towers with Radar,1571,1024,29,0,2624,0,0,0,2624
04/18/2014,MDW,IL,AGL,CT,Towers with Radar,556,42,77,2,677,0,0,0,677
04/18/2014,ORD,IL,AGL,CT,Towers with Radar,1554,1021,13,0,2588,0,0,0,2588
04/19/2014,MDW,IL,AGL,CT,Towers with Radar,413,15,46,0,474,0,0,0,474
04/19/2014,ORD,IL,AGL,CT,Towers with Radar,1259,741,1,0,2001,0,0,0,2001
04/20/2014,MDW,IL,AGL,CT,Towers with Radar,512,57,52,1,622,0,0,0,622
04/20/2014,ORD,IL,AGL,CT,Towers with Radar,1449,925,5,0,2379,0,0,0,2379
04/21/2014,MDW,IL,AGL,CT,Towers with Radar,568,100,140,4,812,0,0,0,812
04/21/2014,ORD,IL,AGL,CT,Towers with Radar,1536,1031,20,0,2587,0,0,0,2587
04/22/2014,MDW,IL,AGL,CT,Towers with Radar,562,93,148,12,815,0,0,0,815
04/22/2014,ORD,IL,AGL,CT,Towers with Radar,1515,1033,18,1,2567,0,0,0,2567
04/23/2014,MDW,IL,AGL,CT,Towers with Radar,564,104,133,7,808,0,0,0,808
04/23/2014,ORD,IL,AGL,CT,Towers with Radar,1517,1028,17,0,2562,0,0,0,2562
04/24/2014,MDW,IL,AGL,CT,Towers with Radar,577,79,120,8,784,0,0,0,784
04/24/2014,ORD,IL,AGL,CT,Towers with Radar,1540,1030,21,0,2591,0,0,0,2591
04/25/2014,MDW,IL,AGL,CT,Towers with Radar,567,64,74,8,713,0,0,0,713
04/25/2014,ORD,IL,AGL,CT,Towers with Radar,1572,1036,20,0,2628,0,0,0,2628
04/26/2014,MDW,IL,AGL,CT,Towers with Radar,424,21,79,1,525,0,0,0,525
04/26/2014,ORD,IL,AGL,CT,Towers with Radar,1258,751,2,0,2011,0,0,0,2011
04/27/2014,MDW,IL,AGL,CT,Towers with Radar,514,44,52,0,610,0,0,0,610
04/27/2014,ORD,IL,AGL,CT,Towers with Radar,1475,887,16,1,2379,0,0,0,2379
04/28/2014,MDW,IL,AGL,CT,Towers with Radar,580,75,70,2,727,0,0,0,727
04/28/2014,ORD,IL,AGL,CT,Towers with Radar,1577,964,14,0,2555,0,0,0,2555
04/29/2014,MDW,IL,AGL,CT,Towers with Radar,575,77,100,8,760,0,0,0,760
04/29/2014,ORD,IL,AGL,CT,Towers with Radar,1436,795,21,0,2252,0,0,0,2252
04/30/2014,MDW,IL,AGL,CT,Towers with Radar,546,65,94,4,709,0,0,0,709
04/30/2014,ORD,IL,AGL,CT,Towers with Radar,1503,997,35,0,2535,0,0,0,2535
05/01/2014,MDW,IL,AGL,CT,Towers with Radar,575,105,104,4,788,0,0,0,788
05/01/2014,ORD,IL,AGL,CT,Towers with Radar,1581,1040,35,0,2656,0,0,0,2656
05/02/2014,MDW,IL,AGL,CT,Towers with Radar,569,99,103,12,783,0,0,0,783
05/02/2014,ORD,IL,AGL,CT,Towers with Radar,1571,1025,23,0,2619,0,0,0,2619
05/03/2014,MDW,IL,AGL,CT,Towers with Radar,416,46,57,6,525,0,0,0,525
05/03/2014,ORD,IL,AGL,CT,Towers with Radar,1264,755,19,0,2038,0,0,0,2038
05/04/2014,MDW,IL,AGL,CT,Towers with Radar,520,82,109,4,715,0,0,0,715
05/04/2014,ORD,IL,AGL,CT,Towers with Radar,1479,949,23,0,2451,0,0,0,2451
05/05/2014,MDW,IL,AGL,CT,Towers with Radar,569,78,125,3,775,0,0,0,775
05/05/2014,ORD,IL,AGL,CT,Towers with Radar,1561,1016,25,0,2602,0,0,0,2602
05/06/2014,MDW,IL,AGL,CT,Towers with Radar,563,93,130,10,796,0,0,0,796
05/06/2014,ORD,IL,AGL,CT,Towers with Radar,1568,1030,28,0,2626,0,0,0,2626
05/07/2014,MDW,IL,AGL,CT,Towers with Radar,564,85,149,5,803,0,0,0,803
05/07/2014,ORD,IL,AGL,CT,Towers with Radar,1624,1024,12,0,2660,0,0,0,2660
05/08/2014,MDW,IL,AGL,CT,Towers with Radar,559,85,162,16,822,0,0,0,822
05/08/2014,ORD,IL,AGL,CT,Towers with Radar,1640,1039,13,4,2696,0,0,0,2696
05/09/2014,MDW,IL,AGL,CT,Towers with Radar,578,73,95,2,748,0,0,0,748
05/09/2014,ORD,IL,AGL,CT,Towers with Radar,1635,984,22,0,2641,0,0,0,2641
05/10/2014,MDW,IL,AGL,CT,Towers with Radar,418,39,89,1,547,0,0,0,547
05/10/2014,ORD,IL,AGL,CT,Towers with Radar,1297,745,12,0,2054,0,0,0,2054
05/11/2014,MDW,IL,AGL,CT,Towers with Radar,476,49,46,0,571,0,0,0,571
05/11/2014,ORD,IL,AGL,CT,Towers with Radar,1445,793,25,0,2263,0,0,0,2263
05/12/2014,MDW,IL,AGL,CT,Towers with Radar,567,62,104,0,733,0,0,0,733
05/12/2014,ORD,IL,AGL,CT,Towers with Radar,1390,728,14,0,2132,0,0,0,2132
05/13/2014,MDW,IL,AGL,CT,Towers with Radar,422,63,83,6,574,0,0,0,574
05/13/2014,ORD,IL,AGL,CT,Towers with Radar,1180,452,39,1,1672,0,0,0,1672
05/14/2014,MDW,IL,AGL,CT,Towers with Radar,580,112,138,2,832,0,0,0,832
05/14/2014,ORD,IL,AGL,CT,Towers with Radar,1614,920,26,0,2560,0,0,0,2560
05/15/2014,MDW,IL,AGL,CT,Towers with Radar,570,102,153,11,836,0,0,0,836
05/15/2014,ORD,IL,AGL,CT,Towers with Radar,1647,968,16,0,2631,0,0,0,2631
05/16/2014,MDW,IL,AGL,CT,Towers with Radar,568,86,115,10,779,0,0,0,779
05/16/2014,ORD,IL,AGL,CT,Towers with Radar,1644,986,30,1,2661,0,0,0,2661
05/17/2014,MDW,IL,AGL,CT,Towers with Radar,435,46,87,0,568,0,0,0,568
05/17/2014,ORD,IL,AGL,CT,Towers with Radar,1289,746,14,0,2049,0,0,0,2049
05/18/2014,MDW,IL,AGL,CT,Towers with Radar,520,77,111,2,710,0,0,0,710
05/18/2014,ORD,IL,AGL,CT,Towers with Radar,1567,969,24,0,2560,0,0,0,2560
05/19/2014,MDW,IL,AGL,CT,Towers with Radar,567,88,163,1,819,0,0,0,819
05/19/2014,ORD,IL,AGL,CT,Towers with Radar,1656,1048,15,5,2724,0,0,0,2724
05/20/2014,MDW,IL,AGL,CT,Towers with Radar,518,114,114,7,753,0,0,0,753
05/20/2014,ORD,IL,AGL,CT,Towers with Radar,1551,957,30,0,2538,0,0,0,2538
05/21/2014,MDW,IL,AGL,CT,Towers with Radar,612,98,154,8,872,0,0,0,872
05/21/2014,ORD,IL,AGL,CT,Towers with Radar,1693,1010,35,1,2739,0,0,0,2739
05/22/2014,MDW,IL,AGL,CT,Towers with Radar,567,88,122,8,785,0,0,0,785
05/22/2014,ORD,IL,AGL,CT,Towers with Radar,1645,1020,19,3,2687,0,0,0,2687
05/23/2014,MDW,IL,AGL,CT,Towers with Radar,575,69,93,0,737,0,0,0,737
05/23/2014,ORD,IL,AGL,CT,Towers with Radar,1677,1045,22,2,2746,0,0,0,2746
05/24/2014,MDW,IL,AGL,CT,Towers with Radar,399,39,57,0,495,0,0,0,495
05/24/2014,ORD,IL,AGL,CT,Towers with Radar,1325,755,4,3,2087,0,0,0,2087
05/25/2014,MDW,IL,AGL,CT,Towers with Radar,435,32,66,1,534,0,0,0,534
05/25/2014,ORD,IL,AGL,CT,Towers with Radar,1293,681,2,0,1976,0,0,0,1976
05/26/2014,MDW,IL,AGL,CT,Towers with Radar,499,53,61,1,614,0,0,0,614
05/26/2014,ORD,IL,AGL,CT,Towers with Radar,1578,942,5,0,2525,0,0,0,2525
05/27/2014,MDW,IL,AGL,CT,Towers with Radar,551,70,92,4,717,0,0,0,717
05/27/2014,ORD,IL,AGL,CT,Towers with Radar,1517,914,32,0,2463,0,0,0,2463
05/28/2014,MDW,IL,AGL,CT,Towers with Radar,569,80,149,9,807,0,0,0,807
05/28/2014,ORD,IL,AGL,CT,Towers with Radar,1658,1009,21,0,2688,0,0,0,2688
05/29/2014,MDW,IL,AGL,CT,Towers with Radar,580,62,118,12,772,0,0,0,772
05/29/2014,ORD,IL,AGL,CT,Towers with Radar,1694,1046,21,0,2761,0,0,0,2761
05/30/2014,MDW,IL,AGL,CT,Towers with Radar,569,72,66,9,716,0,0,0,716
05/30/2014,ORD,IL,AGL,CT,Towers with Radar,1679,1053,19,0,2751,0,0,0,2751
05/31/2014,MDW,IL,AGL,CT,Towers with Radar,424,44,56,0,524,0,0,0,524
05/31/2014,ORD,IL,AGL,CT,Towers with Radar,1335,744,8,0,2087,0,0,0,2087
06/01/2014,MDW,IL,AGL,CT,Towers with Radar,526,76,93,0,695,0,0,0,695
06/01/2014,ORD,IL,AGL,CT,Towers with Radar,1538,885,15,0,2438,0,0,0,2438
06/02/2014,MDW,IL,AGL,CT,Towers with Radar,576,79,85,0,740,0,0,0,740
06/02/2014,ORD,IL,AGL,CT,Towers with Radar,1622,935,25,1,2583,0,0,0,2583
06/03/2014,MDW,IL,AGL,CT,Towers with Radar,559,92,130,16,797,0,0,0,797
06/03/2014,ORD,IL,AGL,CT,Towers with Radar,1628,1035,12,2,2677,0,0,0,2677
06/04/2014,MDW,IL,AGL,CT,Towers with Radar,575,84,142,3,804,0,0,0,804
06/04/2014,ORD,IL,AGL,CT,Towers with Radar,1668,1011,16,0,2695,0,0,0,2695
06/05/2014,MDW,IL,AGL,CT,Towers with Radar,567,102,185,3,857,0,0,0,857
06/05/2014,ORD,IL,AGL,CT,Towers with Radar,1721,1031,14,0,2766,0,0,0,2766
06/06/2014,MDW,IL,AGL,CT,Towers with Radar,570,58,105,2,735,0,0,0,735
06/06/2014,ORD,IL,AGL,CT,Towers with Radar,1731,1039,11,2,2783,0,0,0,2783
06/07/2014,MDW,IL,AGL,CT,Towers with Radar,438,37,93,4,572,0,0,0,572
06/07/2014,ORD,IL,AGL,CT,Towers with Radar,1465,836,13,0,2314,0,0,0,2314
06/08/2014,MDW,IL,AGL,CT,Towers with Radar,542,50,106,0,698,0,0,0,698
06/08/2014,ORD,IL,AGL,CT,Towers with Radar,1645,992,18,0,2655,0,0,0,2655
06/09/2014,MDW,IL,AGL,CT,Towers with Radar,590,70,166,8,834,0,0,0,834
06/09/2014,ORD,IL,AGL,CT,Towers with Radar,1699,1013,41,1,2754,0,0,0,2754
06/10/2014,MDW,IL,AGL,CT,Towers with Radar,585,115,184,0,884,0,0,0,884
06/10/2014,ORD,IL,AGL,CT,Towers with Radar,1685,988,17,0,2690,0,0,0,2690
06/11/2014,MDW,IL,AGL,CT,Towers with Radar,572,94,191,4,861,0,0,0,861
06/11/2014,ORD,IL,AGL,CT,Towers with Radar,1667,1044,22,0,2733,0,0,0,2733
06/12/2014,MDW,IL,AGL,CT,Towers with Radar,585,82,170,6,843,0,0,0,843
06/12/2014,ORD,IL,AGL,CT,Towers with Radar,1706,1040,19,1,2766,0,0,0,2766
06/13/2014,MDW,IL,AGL,CT,Towers with Radar,573,87,136,3,799,0,0,0,799
06/13/2014,ORD,IL,AGL,CT,Towers with Radar,1650,1053,28,1,2732,0,0,0,2732
06/14/2014,MDW,IL,AGL,CT,Towers with Radar,483,53,84,2,622,0,0,0,622
06/14/2014,ORD,IL,AGL,CT,Towers with Radar,1494,846,12,0,2352,0,0,0,2352
06/15/2014,MDW,IL,AGL,CT,Towers with Radar,573,58,77,4,712,0,0,0,712
06/15/2014,ORD,IL,AGL,CT,Towers with Radar,1598,907,23,0,2528,0,0,0,2528
06/16/2014,MDW,IL,AGL,CT,Towers with Radar,593,78,139,4,814,0,0,0,814
06/16/2014,ORD,IL,AGL,CT,Towers with Radar,1722,1068,34,0,2824,0,0,0,2824
06/17/2014,MDW,IL,AGL,CT,Towers with Radar,601,83,94,11,789,0,0,0,789
06/17/2014,ORD,IL,AGL,CT,Towers with Radar,1682,1070,36,0,2788,0,0,0,2788
06/18/2014,MDW,IL,AGL,CT,Towers with Radar,535,83,141,12,771,0,0,0,771
06/18/2014,ORD,IL,AGL,CT,Towers with Radar,1297,651,20,0,1968,0,0,0,1968
06/19/2014,MDW,IL,AGL,CT,Towers with Radar,582,94,122,6,804,0,0,0,804
06/19/2014,ORD,IL,AGL,CT,Towers with Radar,1469,686,29,0,2184,0,0,0,2184
06/20/2014,MDW,IL,AGL,CT,Towers with Radar,613,87,128,1,829,0,0,0,829
06/20/2014,ORD,IL,AGL,CT,Towers with Radar,1729,1000,16,0,2745,0,0,0,2745
06/21/2014,MDW,IL,AGL,CT,Towers with Radar,492,49,78,0,619,0,0,0,619
06/21/2014,ORD,IL,AGL,CT,Towers with Radar,1431,793,18,1,2243,0,0,0,2243
06/22/2014,MDW,IL,AGL,CT,Towers with Radar,558,69,100,0,727,0,0,0,727
06/22/2014,ORD,IL,AGL,CT,Towers with Radar,1672,1026,20,2,2720,0,0,0,2720
06/23/2014,MDW,IL,AGL,CT,Towers with Radar,597,89,115,5,806,0,0,0,806
06/23/2014,ORD,IL,AGL,CT,Towers with Radar,1657,934,13,0,2604,0,0,0,2604
06/24/2014,MDW,IL,AGL,CT,Towers with Radar,593,102,135,4,834,0,0,0,834
06/24/2014,ORD,IL,AGL,CT,Towers with Radar,1663,1030,31,0,2724,0,0,0,2724
06/25/2014,MDW,IL,AGL,CT,Towers with Radar,597,89,192,0,878,0,0,0,878
06/25/2014,ORD,IL,AGL,CT,Towers with Radar,1664,936,17,0,2617,0,0,0,2617
06/26/2014,MDW,IL,AGL,CT,Towers with Radar,602,97,197,6,902,0,0,0,902
06/26/2014,ORD,IL,AGL,CT,Towers with Radar,1727,1062,26,0,2815,0,0,0,2815
06/27/2014,MDW,IL,AGL,CT,Towers with Radar,612,72,143,2,829,0,0,0,829
06/27/2014,ORD,IL,AGL,CT,Towers with Radar,1738,1057,24,0,2819,0,0,0,2819
06/28/2014,MDW,IL,AGL,CT,Towers with Radar,502,57,89,0,648,0,0,0,648
06/28/2014,ORD,IL,AGL,CT,Towers with Radar,1487,838,15,0,2340,0,0,0,2340
06/29/2014,MDW,IL,AGL,CT,Towers with Radar,557,56,92,0,705,0,0,0,705
06/29/2014,ORD,IL,AGL,CT,Towers with Radar,1640,1012,12,0,2664,0,0,0,2664
06/30/2014,MDW,IL,AGL,CT,Towers with Radar,466,62,57,0,585,0,0,0,585
06/30/2014,ORD,IL,AGL,CT,Towers with Radar,1318,784,18,0,2120,0,0,0,2120
07/01/2014,MDW,IL,AGL,CT,Towers with Radar,635,72,85,5,797,0,0,0,797
07/01/2014,ORD,IL,AGL,CT,Towers with Radar,1679,958,22,0,2659,0,0,0,2659
07/02/2014,MDW,IL,AGL,CT,Towers with Radar,586,80,101,5,772,0,0,0,772
07/02/2014,ORD,IL,AGL,CT,Towers with Radar,1571,1030,19,0,2620,0,0,0,2620
07/03/2014,MDW,IL,AGL,CT,Towers with Radar,571,76,92,2,741,0,0,0,741
07/03/2014,ORD,IL,AGL,CT,Towers with Radar,1582,1007,22,0,2611,0,0,0,2611
07/04/2014,MDW,IL,AGL,CT,Towers with Radar,441,25,65,0,531,0,0,0,531
07/04/2014,ORD,IL,AGL,CT,Towers with Radar,1219,689,10,1,1919,0,0,0,1919
07/05/2014,MDW,IL,AGL,CT,Towers with Radar,476,30,67,14,587,0,0,0,587
07/05/2014,ORD,IL,AGL,CT,Towers with Radar,1375,828,2,0,2205,0,0,0,2205
07/06/2014,MDW,IL,AGL,CT,Towers with Radar,561,57,100,11,729,0,0,0,729
07/06/2014,ORD,IL,AGL,CT,Towers with Radar,1655,1033,10,0,2698,0,0,0,2698
07/07/2014,MDW,IL,AGL,CT,Towers with Radar,601,71,94,8,774,0,0,0,774
07/07/2014,ORD,IL,AGL,CT,Towers with Radar,1659,1093,18,0,2770,0,0,0,2770
07/08/2014,MDW,IL,AGL,CT,Towers with Radar,581,64,90,1,736,0,0,0,736
07/08/2014,ORD,IL,AGL,CT,Towers with Radar,1669,1068,21,1,2759,0,0,0,2759
07/09/2014,MDW,IL,AGL,CT,Towers with Radar,597,70,151,0,818,0,0,0,818
07/09/2014,ORD,IL,AGL,CT,Towers with Radar,1692,1085,20,0,2797,0,0,0,2797
07/10/2014,MDW,IL,AGL,CT,Towers with Radar,591,79,163,4,837,0,0,0,837
07/10/2014,ORD,IL,AGL,CT,Towers with Radar,1735,1095,16,0,2846,0,0,0,2846
07/11/2014,MDW,IL,AGL,CT,Towers with Radar,592,79,144,5,820,0,0,0,820
07/11/2014,ORD,IL,AGL,CT,Towers with Radar,1723,1097,25,2,2847,0,0,0,2847
07/12/2014,MDW,IL,AGL,CT,Towers with Radar,492,49,73,0,614,0,0,0,614
07/12/2014,ORD,IL,AGL,CT,Towers with Radar,1428,762,12,0,2202,0,0,0,2202
07/13/2014,MDW,IL,AGL,CT,Towers with Radar,556,69,110,1,736,0,0,0,736
07/13/2014,ORD,IL,AGL,CT,Towers with Radar,1649,1028,11,0,2688,0,0,0,2688
07/14/2014,MDW,IL,AGL,CT,Towers with Radar,587,62,107,0,756,0,0,0,756
07/14/2014,ORD,IL,AGL,CT,Towers with Radar,1641,1057,21,0,2719,0,0,0,2719
07/15/2014,MDW,IL,AGL,CT,Towers with Radar,572,77,108,2,759,0,0,0,759
07/15/2014,ORD,IL,AGL,CT,Towers with Radar,1662,1084,22,0,2768,0,0,0,2768
07/16/2014,MDW,IL,AGL,CT,Towers with Radar,590,82,130,8,810,0,0,0,810
07/16/2014,ORD,IL,AGL,CT,Towers with Radar,1709,1073,38,0,2820,0,0,0,2820
07/17/2014,MDW,IL,AGL,CT,Towers with Radar,601,85,131,8,825,0,0,0,825
07/17/2014,ORD,IL,AGL,CT,Towers with Radar,1707,1079,30,0,2816,0,0,0,2816
07/18/2014,MDW,IL,AGL,CT,Towers with Radar,594,64,95,3,756,0,0,0,756
07/18/2014,ORD,IL,AGL,CT,Towers with Radar,1714,1095,27,0,2836,0,0,0,2836
07/19/2014,MDW,IL,AGL,CT,Towers with Radar,490,42,77,3,612,0,0,0,612
07/19/2014,ORD,IL,AGL,CT,Towers with Radar,1489,872,10,1,2372,0,0,0,2372
07/20/2014,MDW,IL,AGL,CT,Towers with Radar,561,62,106,1,730,0,0,0,730
07/20/2014,ORD,IL,AGL,CT,Towers with Radar,1657,1035,26,0,2718,0,0,0,2718
07/21/2014,MDW,IL,AGL,CT,Towers with Radar,589,71,96,6,762,0,0,0,762
07/21/2014,ORD,IL,AGL,CT,Towers with Radar,1696,1085,37,2,2820,0,0,0,2820
07/22/2014,MDW,IL,AGL,CT,Towers with Radar,591,90,151,17,849,0,0,0,849
07/22/2014,ORD,IL,AGL,CT,Towers with Radar,1697,1088,25,1,2811,0,0,0,2811
07/23/2014,MDW,IL,AGL,CT,Towers with Radar,588,83,149,6,826,0,0,0,826
07/23/2014,ORD,IL,AGL,CT,Towers with Radar,1674,1070,20,0,2764,0,0,0,2764
07/24/2014,MDW,IL,AGL,CT,Towers with Radar,599,101,171,25,896,0,0,0,896
07/24/2014,ORD,IL,AGL,CT,Towers with Radar,1703,1086,31,1,2821,0,0,0,2821
07/25/2014,MDW,IL,AGL,CT,Towers with Radar,607,79,177,7,870,0,0,0,870
07/25/2014,ORD,IL,AGL,CT,Towers with Radar,1729,1093,21,0,2843,0,0,0,2843
07/26/2014,MDW,IL,AGL,CT,Towers with Radar,490,52,99,2,643,0,0,0,643
07/26/2014,ORD,IL,AGL,CT,Towers with Radar,1489,869,16,1,2375,0,0,0,2375
07/27/2014,MDW,IL,AGL,CT,Towers with Radar,555,59,84,6,704,0,0,0,704
07/27/2014,ORD,IL,AGL,CT,Towers with Radar,1620,1000,10,0,2630,0,0,0,2630
07/28/2014,MDW,IL,AGL,CT,Towers with Radar,589,81,132,5,807,0,0,0,807
07/28/2014,ORD,IL,AGL,CT,Towers with Radar,1711,1105,17,0,2833,0,0,0,2833
07/29/2014,MDW,IL,AGL,CT,Towers with Radar,596,90,110,26,822,0,0,0,822
07/29/2014,ORD,IL,AGL,CT,Towers with Radar,1682,1095,22,0,2799,0,0,0,2799
07/30/2014,MDW,IL,AGL,CT,Towers with Radar,593,77,129,11,810,0,0,0,810
07/30/2014,ORD,IL,AGL,CT,Towers with Radar,1700,1087,18,0,2805,0,0,0,2805
07/31/2014,MDW,IL,AGL,CT,Towers with Radar,593,82,139,12,826,0,0,0,826
07/31/2014,ORD,IL,AGL,CT,Towers with Radar,1725,1108,11,2,2846,0,0,0,2846
08/01/2014,MDW,IL,AGL,CT,Towers with Radar,583,87,95,7,772,0,0,0,772
08/01/2014,ORD,IL,AGL,CT,Towers with Radar,1683,1025,17,3,2728,0,0,0,2728
08/02/2014,MDW,IL,AGL,CT,Towers with Radar,494,62,86,5,647,0,0,0,647
08/02/2014,ORD,IL,AGL,CT,Towers with Radar,1495,855,22,0,2372,0,0,0,2372
08/03/2014,MDW,IL,AGL,CT,Towers with Radar,560,50,117,2,729,0,0,0,729
08/03/2014,ORD,IL,AGL,CT,Towers with Radar,1639,1007,29,1,2676,0,0,0,2676
08/04/2014,MDW,IL,AGL,CT,Towers with Radar,580,80,84,1,745,0,0,0,745
08/04/2014,ORD,IL,AGL,CT,Towers with Radar,1557,942,12,1,2512,0,0,0,2512
08/05/2014,MDW,IL,AGL,CT,Towers with Radar,609,85,146,13,853,0,0,0,853
08/05/2014,ORD,IL,AGL,CT,Towers with Radar,1767,1071,23,0,2861,0,0,0,2861
08/06/2014,MDW,IL,AGL,CT,Towers with Radar,590,94,113,14,811,0,0,0,811
08/06/2014,ORD,IL,AGL,CT,Towers with Radar,1712,1083,22,2,2819,0,0,0,2819
08/07/2014,MDW,IL,AGL,CT,Towers with Radar,594,92,122,10,818,0,0,0,818
08/07/2014,ORD,IL,AGL,CT,Towers with Radar,1746,1083,32,0,2861,0,0,0,2861
08/08/2014,MDW,IL,AGL,CT,Towers with Radar,591,86,120,3,800,0,0,0,800
08/08/2014,ORD,IL,AGL,CT,Towers with Radar,1717,1094,19,1,2831,0,0,0,2831
08/09/2014,MDW,IL,AGL,CT,Towers with Radar,490,48,73,20,631,0,0,0,631
08/09/2014,ORD,IL,AGL,CT,Towers with Radar,1480,861,13,3,2357,0,0,0,2357
08/10/2014,MDW,IL,AGL,CT,Towers with Radar,544,77,105,7,733,0,0,0,733
08/10/2014,ORD,IL,AGL,CT,Towers with Radar,1676,1026,20,1,2723,0,0,0,2723
08/11/2014,MDW,IL,AGL,CT,Towers with Radar,569,91,112,4,776,0,0,0,776
08/11/2014,ORD,IL,AGL,CT,Towers with Radar,1679,1073,8,2,2762,0,0,0,2762
08/12/2014,MDW,IL,AGL,CT,Towers with Radar,568,100,102,9,779,0,0,0,779
08/12/2014,ORD,IL,AGL,CT,Towers with Radar,1639,1003,12,3,2657,0,0,0,2657
08/13/2014,MDW,IL,AGL,CT,Towers with Radar,569,86,158,4,817,0,0,0,817
08/13/2014,ORD,IL,AGL,CT,Towers with Radar,1726,1069,28,0,2823,0,0,0,2823
08/14/2014,MDW,IL,AGL,CT,Towers with Radar,572,92,137,9,810,0,0,0,810
08/14/2014,ORD,IL,AGL,CT,Towers with Radar,1739,1078,15,0,2832,0,0,0,2832
08/15/2014,MDW,IL,AGL,CT,Towers with Radar,566,71,102,9,748,0,0,0,748
08/15/2014,ORD,IL,AGL,CT,Towers with Radar,1737,1058,30,3,2828,0,0,0,2828
08/16/2014,MDW,IL,AGL,CT,Towers with Radar,439,39,81,0,559,0,0,0,559
08/16/2014,ORD,IL,AGL,CT,Towers with Radar,1506,857,26,0,2389,0,0,0,2389
08/17/2014,MDW,IL,AGL,CT,Towers with Radar,525,58,82,4,669,0,0,0,669
08/17/2014,ORD,IL,AGL,CT,Towers with Radar,1667,1022,16,0,2705,0,0,0,2705
08/18/2014,MDW,IL,AGL,CT,Towers with Radar,573,68,116,0,757,0,0,0,757
08/18/2014,ORD,IL,AGL,CT,Towers with Radar,1702,1059,27,0,2788,0,0,0,2788
08/19/2014,MDW,IL,AGL,CT,Towers with Radar,568,67,112,7,754,0,0,0,754
08/19/2014,ORD,IL,AGL,CT,Towers with Radar,1610,855,18,0,2483,0,0,0,2483
08/20/2014,MDW,IL,AGL,CT,Towers with Radar,568,82,108,10,768,0,0,0,768
08/20/2014,ORD,IL,AGL,CT,Towers with Radar,1715,992,30,0,2737,0,0,0,2737
08/21/2014,MDW,IL,AGL,CT,Towers with Radar,558,82,96,10,746,0,0,0,746
08/21/2014,ORD,IL,AGL,CT,Towers with Radar,1659,826,21,0,2506,0,0,0,2506
08/22/2014,MDW,IL,AGL,CT,Towers with Radar,575,69,118,10,772,0,0,0,772
08/22/2014,ORD,IL,AGL,CT,Towers with Radar,1719,998,19,2,2738,0,0,0,2738
08/23/2014,MDW,IL,AGL,CT,Towers with Radar,446,40,73,4,563,0,0,0,563
08/23/2014,ORD,IL,AGL,CT,Towers with Radar,1355,696,9,0,2060,0,0,0,2060
08/24/2014,MDW,IL,AGL,CT,Towers with Radar,534,59,77,4,674,0,0,0,674
08/24/2014,ORD,IL,AGL,CT,Towers with Radar,1663,925,17,2,2607,0,0,0,2607
08/25/2014,MDW,IL,AGL,CT,Towers with Radar,564,63,92,0,719,0,0,0,719
08/25/2014,ORD,IL,AGL,CT,Towers with Radar,1496,697,23,1,2217,0,0,0,2217
08/26/2014,MDW,IL,AGL,CT,Towers with Radar,569,79,131,19,798,0,0,0,798
08/26/2014,ORD,IL,AGL,CT,Towers with Radar,1584,842,22,0,2448,0,0,0,2448
08/27/2014,MDW,IL,AGL,CT,Towers with Radar,564,115,105,12,796,0,0,0,796
08/27/2014,ORD,IL,AGL,CT,Towers with Radar,1703,1047,18,0,2768,0,0,0,2768
08/28/2014,MDW,IL,AGL,CT,Towers with Radar,573,87,115,12,787,0,0,0,787
08/28/2014,ORD,IL,AGL,CT,Towers with Radar,1721,1037,25,0,2783,0,0,0,2783
08/29/2014,MDW,IL,AGL,CT,Towers with Radar,564,77,104,4,749,0,0,0,749
08/29/2014,ORD,IL,AGL,CT,Towers with Radar,1704,1034,20,0,2758,0,0,0,2758
08/30/2014,MDW,IL,AGL,CT,Towers with Radar,409,38,57,0,504,0,0,0,504
08/30/2014,ORD,IL,AGL,CT,Towers with Radar,1322,713,9,1,2045,0,0,0,2045
08/31/2014,MDW,IL,AGL,CT,Towers with Radar,422,46,55,1,524,0,0,0,524
08/31/2014,ORD,IL,AGL,CT,Towers with Radar,1275,610,2,1,1888,0,0,0,1888
09/01/2014,MDW,IL,AGL,CT,Towers with Radar,507,77,58,0,642,0,0,0,642
09/01/2014,ORD,IL,AGL,CT,Towers with Radar,1638,978,10,0,2626,0,0,0,2626
09/02/2014,MDW,IL,AGL,CT,Towers with Radar,556,55,124,10,745,0,0,0,745
09/02/2014,ORD,IL,AGL,CT,Towers with Radar,1663,1036,24,0,2723,0,0,0,2723
09/03/2014,MDW,IL,AGL,CT,Towers with Radar,539,91,152,4,786,0,0,0,786
09/03/2014,ORD,IL,AGL,CT,Towers with Radar,1611,1003,13,0,2627,0,0,0,2627
09/04/2014,MDW,IL,AGL,CT,Towers with Radar,549,103,115,4,771,0,0,0,771
09/04/2014,ORD,IL,AGL,CT,Towers with Radar,1587,862,20,1,2470,0,0,0,2470
09/05/2014,MDW,IL,AGL,CT,Towers with Radar,527,78,107,2,714,0,0,0,714
09/05/2014,ORD,IL,AGL,CT,Towers with Radar,1438,727,20,0,2185,0,0,0,2185
09/06/2014,MDW,IL,AGL,CT,Towers with Radar,430,55,97,0,582,0,0,0,582
09/06/2014,ORD,IL,AGL,CT,Towers with Radar,1331,721,15,0,2067,0,0,0,2067
09/07/2014,MDW,IL,AGL,CT,Towers with Radar,527,78,115,2,722,0,0,0,722
09/07/2014,ORD,IL,AGL,CT,Towers with Radar,1608,934,28,0,2570,0,0,0,2570
09/08/2014,MDW,IL,AGL,CT,Towers with Radar,548,66,148,5,767,0,0,0,767
09/08/2014,ORD,IL,AGL,CT,Towers with Radar,1719,1032,28,0,2779,0,0,0,2779
09/09/2014,MDW,IL,AGL,CT,Towers with Radar,549,97,202,13,861,0,0,0,861
09/09/2014,ORD,IL,AGL,CT,Towers with Radar,1654,1007,18,0,2679,0,0,0,2679
09/10/2014,MDW,IL,AGL,CT,Towers with Radar,539,89,180,6,814,0,0,0,814
09/10/2014,ORD,IL,AGL,CT,Towers with Radar,1622,831,34,0,2487,0,0,0,2487
09/11/2014,MDW,IL,AGL,CT,Towers with Radar,556,90,196,6,848,0,0,0,848
09/11/2014,ORD,IL,AGL,CT,Towers with Radar,1703,1025,29,0,2757,0,0,0,2757
09/12/2014,MDW,IL,AGL,CT,Towers with Radar,554,61,110,0,725,0,0,0,725
09/12/2014,ORD,IL,AGL,CT,Towers with Radar,1741,1010,26,0,2777,0,0,0,2777
09/13/2014,MDW,IL,AGL,CT,Towers with Radar,421,29,87,0,537,0,0,0,537
09/13/2014,ORD,IL,AGL,CT,Towers with Radar,1318,701,21,0,2040,0,0,0,2040
09/14/2014,MDW,IL,AGL,CT,Towers with Radar,528,65,111,1,705,0,0,0,705
09/14/2014,ORD,IL,AGL,CT,Towers with Radar,1641,926,19,0,2586,0,0,0,2586
09/15/2014,MDW,IL,AGL,CT,Towers with Radar,542,94,150,1,787,0,0,0,787
09/15/2014,ORD,IL,AGL,CT,Towers with Radar,1714,1039,44,0,2797,0,0,0,2797
09/16/2014,MDW,IL,AGL,CT,Towers with Radar,553,111,163,5,832,0,0,0,832
09/16/2014,ORD,IL,AGL,CT,Towers with Radar,1653,1021,46,0,2720,0,0,0,2720
09/17/2014,MDW,IL,AGL,CT,Towers with Radar,550,96,241,4,891,0,0,0,891
09/17/2014,ORD,IL,AGL,CT,Towers with Radar,1713,1027,31,1,2772,0,0,0,2772
09/18/2014,MDW,IL,AGL,CT,Towers with Radar,557,114,158,6,835,0,0,0,835
09/18/2014,ORD,IL,AGL,CT,Towers with Radar,1731,1015,30,1,2777,0,0,0,2777
09/19/2014,MDW,IL,AGL,CT,Towers with Radar,556,91,137,3,787,0,0,0,787
09/19/2014,ORD,IL,AGL,CT,Towers with Radar,1745,1023,23,0,2791,0,0,0,2791
09/20/2014,MDW,IL,AGL,CT,Towers with Radar,431,46,80,0,557,0,0,0,557
09/20/2014,ORD,IL,AGL,CT,Towers with Radar,1300,726,21,0,2047,0,0,0,2047
09/21/2014,MDW,IL,AGL,CT,Towers with Radar,524,65,118,2,709,0,0,0,709
09/21/2014,ORD,IL,AGL,CT,Towers with Radar,1599,977,34,0,2610,0,0,0,2610
09/22/2014,MDW,IL,AGL,CT,Towers with Radar,561,88,144,4,797,0,0,0,797
09/22/2014,ORD,IL,AGL,CT,Towers with Radar,1718,1042,20,0,2780,0,0,0,2780
09/23/2014,MDW,IL,AGL,CT,Towers with Radar,547,101,165,8,821,0,0,0,821
09/23/2014,ORD,IL,AGL,CT,Towers with Radar,1644,1047,12,4,2707,0,0,0,2707
09/24/2014,MDW,IL,AGL,CT,Towers with Radar,559,98,157,6,820,0,0,0,820
09/24/2014,ORD,IL,AGL,CT,Towers with Radar,1668,1017,27,0,2712,0,0,0,2712
09/25/2014,MDW,IL,AGL,CT,Towers with Radar,555,70,133,15,773,0,0,0,773
09/25/2014,ORD,IL,AGL,CT,Towers with Radar,1689,1025,15,0,2729,0,0,0,2729
09/26/2014,MDW,IL,AGL,CT,Towers with Radar,20,77,155,3,255,0,0,0,255
09/26/2014,ORD,IL,AGL,CT,Towers with Radar,671,437,26,1,1135,0,0,0,1135
09/27/2014,MDW,IL,AGL,CT,Towers with Radar,250,116,111,0,477,0,0,0,477
09/27/2014,ORD,IL,AGL,CT,Towers with Radar,961,350,17,0,1328,0,0,0,1328
09/28/2014,MDW,IL,AGL,CT,Towers with Radar,410,128,132,1,671,0,0,0,671
09/28/2014,ORD,IL,AGL,CT,Towers with Radar,1246,540,26,6,1818,0,0,0,1818
09/29/2014,MDW,IL,AGL,CT,Towers with Radar,481,114,113,2,710,0,0,0,710
09/29/2014,ORD,IL,AGL,CT,Towers with Radar,1477,801,38,0,2316,0,0,0,2316
09/30/2014,MDW,IL,AGL,CT,Towers with Radar,512,101,102,2,717,0,0,0,717
09/30/2014,ORD,IL,AGL,CT,Towers with Radar,1538,892,42,0,2472,0,0,0,2472
10/01/2014,MDW,IL,AGL,CT,Towers with Radar,519,108,111,4,742,0,0,0,742
10/01/2014,ORD,IL,AGL,CT,Towers with Radar,1580,926,33,0,2539,0,0,0,2539
10/02/2014,MDW,IL,AGL,CT,Towers with Radar,253,81,57,1,392,0,0,0,392
10/02/2014,ORD,IL,AGL,CT,Towers with Radar,1429,688,13,1,2131,0,0,0,2131
10/03/2014,MDW,IL,AGL,CT,Towers with Radar,529,129,96,0,754,0,0,0,754
10/03/2014,ORD,IL,AGL,CT,Towers with Radar,1645,877,27,1,2550,0,0,0,2550
10/04/2014,MDW,IL,AGL,CT,Towers with Radar,413,67,61,1,542,0,0,0,542
10/04/2014,ORD,IL,AGL,CT,Towers with Radar,1199,763,17,2,1981,0,0,0,1981
10/05/2014,MDW,IL,AGL,CT,Towers with Radar,498,85,124,1,708,0,0,0,708
10/05/2014,ORD,IL,AGL,CT,Towers with Radar,1565,961,15,1,2542,0,0,0,2542
10/06/2014,MDW,IL,AGL,CT,Towers with Radar,536,92,111,0,739,0,0,0,739
10/06/2014,ORD,IL,AGL,CT,Towers with Radar,1641,992,22,1,2656,0,0,0,2656
10/07/2014,MDW,IL,AGL,CT,Towers with Radar,535,108,152,6,801,0,0,0,801
10/07/2014,ORD,IL,AGL,CT,Towers with Radar,1656,982,13,0,2651,0,0,0,2651
10/08/2014,MDW,IL,AGL,CT,Towers with Radar,551,96,123,7,777,0,0,0,777
10/08/2014,ORD,IL,AGL,CT,Towers with Radar,1659,1004,35,0,2698,0,0,0,2698
10/09/2014,MDW,IL,AGL,CT,Towers with Radar,534,111,140,1,786,0,0,0,786
10/09/2014,ORD,IL,AGL,CT,Towers with Radar,1677,1022,24,1,2724,0,0,0,2724
10/10/2014,MDW,IL,AGL,CT,Towers with Radar,546,100,144,7,797,0,0,0,797
10/10/2014,ORD,IL,AGL,CT,Towers with Radar,1682,962,21,0,2665,0,0,0,2665
10/11/2014,MDW,IL,AGL,CT,Towers with Radar,429,47,74,2,552,0,0,0,552
10/11/2014,ORD,IL,AGL,CT,Towers with Radar,1296,741,27,0,2064,0,0,0,2064
10/12/2014,MDW,IL,AGL,CT,Towers with Radar,509,67,93,1,670,0,0,0,670
10/12/2014,ORD,IL,AGL,CT,Towers with Radar,1586,960,18,0,2564,0,0,0,2564
10/13/2014,MDW,IL,AGL,CT,Towers with Radar,565,74,82,0,721,0,0,0,721
10/13/2014,ORD,IL,AGL,CT,Towers with Radar,1709,928,23,0,2660,0,0,0,2660
10/14/2014,MDW,IL,AGL,CT,Towers with Radar,568,87,108,0,763,0,0,0,763
10/14/2014,ORD,IL,AGL,CT,Towers with Radar,1688,1002,16,0,2706,0,0,0,2706
10/15/2014,MDW,IL,AGL,CT,Towers with Radar,569,86,137,0,792,0,0,0,792
10/15/2014,ORD,IL,AGL,CT,Towers with Radar,1733,1016,31,0,2780,0,0,0,2780
10/16/2014,MDW,IL,AGL,CT,Towers with Radar,577,105,116,1,799,0,0,0,799
10/16/2014,ORD,IL,AGL,CT,Towers with Radar,1766,996,37,7,2806,0,0,0,2806
10/17/2014,MDW,IL,AGL,CT,Towers with Radar,572,84,134,2,792,0,0,0,792
10/17/2014,ORD,IL,AGL,CT,Towers with Radar,1759,1007,13,0,2779,0,0,0,2779
10/18/2014,MDW,IL,AGL,CT,Towers with Radar,450,43,80,8,581,0,0,0,581
10/18/2014,ORD,IL,AGL,CT,Towers with Radar,1348,701,8,4,2061,0,0,0,2061
10/19/2014,MDW,IL,AGL,CT,Towers with Radar,535,75,120,0,730,0,0,0,730
10/19/2014,ORD,IL,AGL,CT,Towers with Radar,1668,929,26,2,2625,0,0,0,2625
10/20/2014,MDW,IL,AGL,CT,Towers with Radar,574,38,40,12,664,0,0,0,664
10/20/2014,ORD,IL,AGL,CT,Towers with Radar,1754,1007,24,20,2805,0,0,0,2805
10/21/2014,MDW,IL,AGL,CT,Towers with Radar,565,97,120,14,796,0,0,0,796
10/21/2014,ORD,IL,AGL,CT,Towers with Radar,1700,996,16,3,2715,0,0,0,2715
10/22/2014,MDW,IL,AGL,CT,Towers with Radar,560,86,112,0,758,0,0,0,758
10/22/2014,ORD,IL,AGL,CT,Towers with Radar,1713,999,11,0,2723,0,0,0,2723
10/23/2014,MDW,IL,AGL,CT,Towers with Radar,573,112,122,14,821,0,0,0,821
10/23/2014,ORD,IL,AGL,CT,Towers with Radar,1776,999,10,2,2787,0,0,0,2787
10/24/2014,MDW,IL,AGL,CT,Towers with Radar,565,92,117,4,778,0,0,0,778
10/24/2014,ORD,IL,AGL,CT,Towers with Radar,1764,984,19,0,2767,0,0,0,2767
10/25/2014,MDW,IL,AGL,CT,Towers with Radar,450,42,71,6,569,0,0,0,569
10/25/2014,ORD,IL,AGL,CT,Towers with Radar,1331,691,14,0,2036,0,0,0,2036
10/26/2014,MDW,IL,AGL,CT,Towers with Radar,532,59,100,7,698,0,0,0,698
10/26/2014,ORD,IL,AGL,CT,Towers with Radar,1573,861,31,1,2466,0,0,0,2466
10/27/2014,MDW,IL,AGL,CT,Towers with Radar,571,86,109,6,772,0,0,0,772
10/27/2014,ORD,IL,AGL,CT,Towers with Radar,1690,938,22,1,2651,0,0,0,2651
10/28/2014,MDW,IL,AGL,CT,Towers with Radar,555,95,159,10,819,0,0,0,819
10/28/2014,ORD,IL,AGL,CT,Towers with Radar,1648,927,24,0,2599,0,0,0,2599
10/29/2014,MDW,IL,AGL,CT,Towers with Radar,557,98,141,15,811,0,0,0,811
10/29/2014,ORD,IL,AGL,CT,Towers with Radar,1653,927,24,0,2604,0,0,0,2604
10/30/2014,MDW,IL,AGL,CT,Towers with Radar,568,92,152,10,822,0,0,0,822
10/30/2014,ORD,IL,AGL,CT,Towers with Radar,1695,921,22,0,2638,0,0,0,2638
10/31/2014,MDW,IL,AGL,CT,Towers with Radar,481,75,74,0,630,0,0,0,630
10/31/2014,ORD,IL,AGL,CT,Towers with Radar,1154,360,7,0,1521,0,0,0,1521
11/01/2014,MDW,IL,AGL,CT,Towers with Radar,444,49,81,16,590,0,0,0,590
11/01/2014,ORD,IL,AGL,CT,Towers with Radar,1287,642,15,0,1944,0,0,0,1944
11/02/2014,MDW,IL,AGL,CT,Towers with Radar,485,66,103,6,660,0,0,0,660
11/02/2014,ORD,IL,AGL,CT,Towers with Radar,1560,850,25,0,2435,0,0,0,2435
11/03/2014,MDW,IL,AGL,CT,Towers with Radar,534,77,135,2,748,0,0,0,748
11/03/2014,ORD,IL,AGL,CT,Towers with Radar,1700,937,20,0,2657,0,0,0,2657
11/04/2014,MDW,IL,AGL,CT,Towers with Radar,517,79,137,10,743,0,0,0,743
11/04/2014,ORD,IL,AGL,CT,Towers with Radar,1636,934,14,0,2584,0,0,0,2584
11/05/2014,MDW,IL,AGL,CT,Towers with Radar,527,81,165,10,783,0,0,0,783
11/05/2014,ORD,IL,AGL,CT,Towers with Radar,1647,937,21,1,2606,0,0,0,2606
11/06/2014,MDW,IL,AGL,CT,Towers with Radar,532,96,131,7,766,0,0,0,766
11/06/2014,ORD,IL,AGL,CT,Towers with Radar,1649,907,18,0,2574,0,0,0,2574
11/07/2014,MDW,IL,AGL,CT,Towers with Radar,531,83,114,2,730,0,0,0,730
11/07/2014,ORD,IL,AGL,CT,Towers with Radar,1682,954,29,0,2665,0,0,0,2665
11/08/2014,MDW,IL,AGL,CT,Towers with Radar,433,29,66,0,528,0,0,0,528
11/08/2014,ORD,IL,AGL,CT,Towers with Radar,1273,660,18,1,1952,0,0,0,1952
11/09/2014,MDW,IL,AGL,CT,Towers with Radar,481,67,138,0,686,0,0,0,686
11/09/2014,ORD,IL,AGL,CT,Towers with Radar,1544,867,32,0,2443,0,0,0,2443
11/10/2014,MDW,IL,AGL,CT,Towers with Radar,519,84,140,2,745,0,0,0,745
11/10/2014,ORD,IL,AGL,CT,Towers with Radar,1648,925,18,0,2591,0,0,0,2591
11/11/2014,MDW,IL,AGL,CT,Towers with Radar,521,84,135,1,741,0,0,0,741
11/11/2014,ORD,IL,AGL,CT,Towers with Radar,1626,931,20,0,2577,0,0,0,2577
11/12/2014,MDW,IL,AGL,CT,Towers with Radar,530,87,125,10,752,0,0,0,752
11/12/2014,ORD,IL,AGL,CT,Towers with Radar,1617,933,37,0,2587,0,0,0,2587
11/13/2014,MDW,IL,AGL,CT,Towers with Radar,533,82,148,15,778,0,0,0,778
11/13/2014,ORD,IL,AGL,CT,Towers with Radar,1691,949,30,0,2670,0,0,0,2670
11/14/2014,MDW,IL,AGL,CT,Towers with Radar,535,77,99,5,716,0,0,0,716
11/14/2014,ORD,IL,AGL,CT,Towers with Radar,1672,944,25,0,2641,0,0,0,2641
11/15/2014,MDW,IL,AGL,CT,Towers with Radar,430,35,58,0,523,0,0,0,523
11/15/2014,ORD,IL,AGL,CT,Towers with Radar,1270,671,17,0,1958,0,0,0,1958
11/16/2014,MDW,IL,AGL,CT,Towers with Radar,478,77,111,3,669,0,0,0,669
11/16/2014,ORD,IL,AGL,CT,Towers with Radar,1517,819,27,0,2363,0,0,0,2363
11/17/2014,MDW,IL,AGL,CT,Towers with Radar,521,72,86,2,681,0,0,0,681
11/17/2014,ORD,IL,AGL,CT,Towers with Radar,1582,873,29,0,2484,0,0,0,2484
11/18/2014,MDW,IL,AGL,CT,Towers with Radar,522,90,125,15,752,0,0,0,752
11/18/2014,ORD,IL,AGL,CT,Towers with Radar,1611,924,29,0,2564,0,0,0,2564
11/19/2014,MDW,IL,AGL,CT,Towers with Radar,505,115,141,8,769,0,0,0,769
11/19/2014,ORD,IL,AGL,CT,Towers with Radar,1603,923,33,0,2559,0,0,0,2559
11/20/2014,MDW,IL,AGL,CT,Towers with Radar,526,96,167,9,798,0,0,0,798
11/20/2014,ORD,IL,AGL,CT,Towers with Radar,1661,956,24,2,2643,0,0,0,2643
11/21/2014,MDW,IL,AGL,CT,Towers with Radar,528,92,96,1,717,0,0,0,717
11/21/2014,ORD,IL,AGL,CT,Towers with Radar,1669,965,19,2,2655,0,0,0,2655
11/22/2014,MDW,IL,AGL,CT,Towers with Radar,427,39,55,0,521,0,0,0,521
11/22/2014,ORD,IL,AGL,CT,Towers with Radar,1271,683,11,4,1969,0,0,0,1969
11/23/2014,MDW,IL,AGL,CT,Towers with Radar,470,46,59,0,575,0,0,0,575
11/23/2014,ORD,IL,AGL,CT,Towers with Radar,1504,832,4,1,2341,0,0,0,2341
11/24/2014,MDW,IL,AGL,CT,Towers with Radar,515,53,43,0,611,0,0,0,611
11/24/2014,ORD,IL,AGL,CT,Towers with Radar,1299,673,9,1,1982,0,0,0,1982
11/25/2014,MDW,IL,AGL,CT,Towers with Radar,569,77,71,10,727,0,0,0,727
11/25/2014,ORD,IL,AGL,CT,Towers with Radar,1529,899,36,1,2465,0,0,0,2465
11/26/2014,MDW,IL,AGL,CT,Towers with Radar,574,73,70,2,719,0,0,0,719
11/26/2014,ORD,IL,AGL,CT,Towers with Radar,1596,955,9,3,2563,0,0,0,2563
11/27/2014,MDW,IL,AGL,CT,Towers with Radar,350,26,21,0,397,0,0,0,397
11/27/2014,ORD,IL,AGL,CT,Towers with Radar,984,571,4,0,1559,0,0,0,1559
11/28/2014,MDW,IL,AGL,CT,Towers with Radar,413,28,49,1,491,0,0,0,491
11/28/2014,ORD,IL,AGL,CT,Towers with Radar,1219,678,0,1,1898,0,0,0,1898
11/29/2014,MDW,IL,AGL,CT,Towers with Radar,489,57,68,0,614,0,0,0,614
11/29/2014,ORD,IL,AGL,CT,Towers with Radar,1476,845,5,0,2326,0,0,0,2326
11/30/2014,MDW,IL,AGL,CT,Towers with Radar,584,89,90,0,763,0,0,0,763
11/30/2014,ORD,IL,AGL,CT,Towers with Radar,1679,974,7,0,2660,0,0,0,2660
12/01/2014,MDW,IL,AGL,CT,Towers with Radar,588,81,114,1,784,0,0,0,784
12/01/2014,ORD,IL,AGL,CT,Towers with Radar,1734,997,14,0,2745,0,0,0,2745
12/02/2014,MDW,IL,AGL,CT,Towers with Radar,528,104,108,10,750,0,0,0,750
12/02/2014,ORD,IL,AGL,CT,Towers with Radar,1603,897,13,0,2513,0,0,0,2513
12/03/2014,MDW,IL,AGL,CT,Towers with Radar,533,95,148,2,778,0,0,0,778
12/03/2014,ORD,IL,AGL,CT,Towers with Radar,1591,884,8,0,2483,0,0,0,2483
12/04/2014,MDW,IL,AGL,CT,Towers with Radar,528,99,160,10,797,0,0,0,797
12/04/2014,ORD,IL,AGL,CT,Towers with Radar,1636,888,19,0,2543,0,0,0,2543
12/05/2014,MDW,IL,AGL,CT,Towers with Radar,530,85,104,6,725,0,0,0,725
12/05/2014,ORD,IL,AGL,CT,Towers with Radar,1610,867,9,0,2486,0,0,0,2486
12/06/2014,MDW,IL,AGL,CT,Towers with Radar,434,27,54,8,523,0,0,0,523
12/06/2014,ORD,IL,AGL,CT,Towers with Radar,1222,579,16,0,1817,0,0,0,1817
12/07/2014,MDW,IL,AGL,CT,Towers with Radar,485,67,115,0,667,0,0,0,667
12/07/2014,ORD,IL,AGL,CT,Towers with Radar,1479,786,22,0,2287,0,0,0,2287
12/08/2014,MDW,IL,AGL,CT,Towers with Radar,527,67,93,0,687,0,0,0,687
12/08/2014,ORD,IL,AGL,CT,Towers with Radar,1585,870,25,0,2480,0,0,0,2480
12/09/2014,MDW,IL,AGL,CT,Towers with Radar,521,74,106,4,705,0,0,0,705
12/09/2014,ORD,IL,AGL,CT,Towers with Radar,1552,869,15,0,2436,0,0,0,2436
12/10/2014,MDW,IL,AGL,CT,Towers with Radar,530,84,135,11,760,0,0,0,760
12/10/2014,ORD,IL,AGL,CT,Towers with Radar,1559,861,10,0,2430,0,0,0,2430
12/11/2014,MDW,IL,AGL,CT,Towers with Radar,531,79,166,6,782,0,0,0,782
12/11/2014,ORD,IL,AGL,CT,Towers with Radar,1630,865,20,0,2515,0,0,0,2515
12/12/2014,MDW,IL,AGL,CT,Towers with Radar,534,60,91,1,686,0,0,0,686
12/12/2014,ORD,IL,AGL,CT,Towers with Radar,1646,870,17,0,2533,0,0,0,2533
12/13/2014,MDW,IL,AGL,CT,Towers with Radar,433,24,48,0,505,0,0,0,505
12/13/2014,ORD,IL,AGL,CT,Towers with Radar,1220,599,5,0,1824,0,0,0,1824
12/14/2014,MDW,IL,AGL,CT,Towers with Radar,478,58,69,0,605,0,0,0,605
12/14/2014,ORD,IL,AGL,CT,Towers with Radar,1488,732,5,0,2225,0,0,0,2225
12/15/2014,MDW,IL,AGL,CT,Towers with Radar,535,72,100,0,707,0,0,0,707
12/15/2014,ORD,IL,AGL,CT,Towers with Radar,1657,838,28,0,2523,0,0,0,2523
12/16/2014,MDW,IL,AGL,CT,Towers with Radar,500,79,115,6,700,0,0,0,700
12/16/2014,ORD,IL,AGL,CT,Towers with Radar,1586,856,9,0,2451,0,0,0,2451
12/17/2014,MDW,IL,AGL,CT,Towers with Radar,523,98,123,8,752,0,0,0,752
12/17/2014,ORD,IL,AGL,CT,Towers with Radar,1623,858,18,1,2500,0,0,0,2500
12/18/2014,MDW,IL,AGL,CT,Towers with Radar,519,103,105,9,736,0,0,0,736
12/18/2014,ORD,IL,AGL,CT,Towers with Radar,1580,875,27,0,2482,0,0,0,2482
12/19/2014,MDW,IL,AGL,CT,Towers with Radar,523,71,117,9,720,0,0,0,720
12/19/2014,ORD,IL,AGL,CT,Towers with Radar,1605,893,20,0,2518,0,0,0,2518
12/20/2014,MDW,IL,AGL,CT,Towers with Radar,484,52,68,0,604,0,0,0,604
12/20/2014,ORD,IL,AGL,CT,Towers with Radar,1478,772,5,0,2255,0,0,0,2255
12/21/2014,MDW,IL,AGL,CT,Towers with Radar,461,61,83,0,605,0,0,0,605
12/21/2014,ORD,IL,AGL,CT,Towers with Radar,1487,832,5,0,2324,0,0,0,2324
12/22/2014,MDW,IL,AGL,CT,Towers with Radar,498,49,64,1,612,0,0,0,612
12/22/2014,ORD,IL,AGL,CT,Towers with Radar,1531,848,2,0,2381,0,0,0,2381
12/23/2014,MDW,IL,AGL,CT,Towers with Radar,494,55,58,0,607,0,0,0,607
12/23/2014,ORD,IL,AGL,CT,Towers with Radar,1509,839,4,0,2352,0,0,0,2352
12/24/2014,MDW,IL,AGL,CT,Towers with Radar,416,32,23,0,471,0,0,0,471
12/24/2014,ORD,IL,AGL,CT,Towers with Radar,1257,583,4,0,1844,0,0,0,1844
12/25/2014,MDW,IL,AGL,CT,Towers with Radar,403,33,23,0,459,0,0,0,459
12/25/2014,ORD,IL,AGL,CT,Towers with Radar,1197,569,1,0,1767,0,0,0,1767
12/26/2014,MDW,IL,AGL,CT,Towers with Radar,496,64,73,0,633,0,0,0,633
12/26/2014,ORD,IL,AGL,CT,Towers with Radar,1403,817,9,0,2229,0,0,0,2229
12/27/2014,MDW,IL,AGL,CT,Towers with Radar,480,56,33,0,569,0,0,0,569
12/27/2014,ORD,IL,AGL,CT,Towers with Radar,1391,770,6,0,2167,0,0,0,2167
12/28/2014,MDW,IL,AGL,CT,Towers with Radar,486,58,64,0,608,0,0,0,608
12/28/2014,ORD,IL,AGL,CT,Towers with Radar,1453,835,6,0,2294,0,0,0,2294
12/29/2014,MDW,IL,AGL,CT,Towers with Radar,510,34,44,0,588,0,0,0,588
12/29/2014,ORD,IL,AGL,CT,Towers with Radar,1499,853,5,1,2358,0,0,0,2358
12/30/2014,MDW,IL,AGL,CT,Towers with Radar,496,46,36,2,580,0,0,0,580
12/30/2014,ORD,IL,AGL,CT,Towers with Radar,1486,849,2,0,2337,0,0,0,2337
12/31/2014,MDW,IL,AGL,CT,Towers with Radar,390,33,29,8,460,0,0,0,460
12/31/2014,ORD,IL,AGL,CT,Towers with Radar,1329,693,2,0,2024,0,0,0,2024
Total:,,,,,,733891,352228,43042,2024,1131185,0,0,0,1131185
,,,,,,,,,,,,,,
Report created on Tue Nov 24 10:13:02 EST 2015,,,,,,,,,,,,,,
Sources: Air Traffic Activity System (ATADS),,,,,,,,,,,,,,
